{
    "name": "Cylinder.001Geometry.2",
    "uvs": [],
    "metadata": {
        "type": "Geometry",
        "normals": 77,
        "generator": "io_three",
        "vertices": 109,
        "version": 3,
        "faces": 118,
        "uvs": 0
    },
    "vertices": [0,0.213026,-0.064704,0.012623,0.213026,-0.063461,0.024761,0.213026,-0.059779,0.035948,0.213026,-0.0538,0.045753,0.213026,-0.045753,0.0538,0.213026,-0.035948,0,0.180444,-0,0.059779,0.213026,-0.024761,0.063461,0.213026,-0.012623,0.064704,0.213026,-0,-0.064704,0.213026,-0,-0.063461,0.213026,-0.012624,-0.059779,0.213026,-0.024762,-0.053799,0.213026,-0.035948,-0.045753,0.213026,-0.045753,-0.035948,0.213026,-0.0538,-0.024761,0.213026,-0.059779,-0.012623,0.213026,-0.063461,0,0.207798,-0.064704,0.012623,0.207798,-0.063461,0.024761,0.207798,-0.059779,0.035948,0.207798,-0.0538,0.045753,0.207798,-0.045753,0.0538,0.207798,-0.035948,0.059779,0.207798,-0.024761,0.063461,0.207798,-0.012623,0.064704,0.207798,-0,-0.064704,0.207798,-0,-0.063461,0.207798,-0.012624,-0.059779,0.207798,-0.024762,-0.053799,0.207798,-0.035948,-0.045753,0.207798,-0.045753,-0.035948,0.207798,-0.0538,-0.024761,0.207798,-0.059779,-0.012623,0.207798,-0.063461,0.012623,0.182086,-0.063461,0.024761,0.182086,-0.059779,0.035948,0.182086,-0.0538,0.045753,0.182086,-0.045753,0.0538,0.182086,-0.035948,0.059779,0.182086,-0.024761,0.063461,0.182086,-0.012623,0.064704,0.182086,-0,-0.064704,0.182086,-0,-0.063461,0.182086,-0.012624,-0.059779,0.182086,-0.024762,-0.053799,0.182086,-0.035948,-0.045753,0.182086,-0.045753,-0.035948,0.182086,-0.0538,-0.024761,0.182086,-0.059779,-0.012623,0.182086,-0.063461,0,0.182086,-0.064704,0,0.182086,-0.438101,0,0.207798,-0.438101,-0.002748,0.207798,-0.438101,-0.001401,0.207798,-0.438101,-0.00399,0.207798,-0.438101,-0.005078,0.207798,-0.438101,-0.005971,0.207798,-0.438101,0.005078,0.207798,-0.438101,0.005972,0.207798,-0.438101,0.00399,0.207798,-0.438101,0.002748,0.207798,-0.438101,0.001401,0.207798,-0.438101,0.001401,0.182086,-0.438101,0.002748,0.182086,-0.438101,0.00399,0.182086,-0.438101,0.005078,0.182086,-0.438101,0.005972,0.182086,-0.438101,-0.005971,0.182086,-0.438101,-0.005078,0.182086,-0.438101,-0.00399,0.182086,-0.438101,-0.002748,0.182086,-0.438101,-0.001401,0.182086,-0.438101,0.002733,0.1808,-0.01374,0.005361,0.1808,-0.012942,0.007783,0.1808,-0.011648,0.009906,0.1808,-0.009906,0.011648,0.1808,-0.007783,0.012942,0.1808,-0.005361,0.01374,0.1808,-0.002733,0.014009,0.1808,-0,-0.014009,0.1808,-0,-0.013739,0.1808,-0.002733,-0.012942,0.1808,-0.005361,-0.011648,0.1808,-0.007783,-0.009906,0.1808,-0.009906,-0.007783,0.1808,-0.011648,-0.005361,0.1808,-0.012942,-0.002733,0.1808,-0.01374,0,0.1808,-0.014009,0,0.213026,-0,0,0.213026,-0.009199,0.001795,0.213026,-0.009022,-0.005111,0.213026,-0.007649,-0.00352,0.213026,-0.008499,0.008499,0.213026,-0.00352,0.009022,0.213026,-0.001795,-0.001795,0.213026,-0.009022,0.009199,0.213026,-0,0.00352,0.213026,-0.008499,-0.009199,0.213026,-0,-0.009022,0.213026,-0.001795,0.005111,0.213026,-0.007649,-0.008499,0.213026,-0.00352,0.006505,0.213026,-0.006505,-0.007649,0.213026,-0.005111,0.007649,0.213026,-0.005111,-0.006505,0.213026,-0.006505],
    "faces": [33,18,0,1,19,0,1,2,3,33,19,1,2,20,3,2,4,5,33,20,2,3,21,5,4,6,7,33,21,3,4,22,7,6,8,9,33,22,4,5,23,9,8,10,11,33,23,5,7,24,11,10,12,13,33,24,7,8,25,13,12,14,15,33,25,8,9,26,15,14,16,17,33,27,10,11,28,18,19,20,21,33,28,11,12,29,21,20,22,23,33,29,12,13,30,23,22,24,25,33,30,13,14,31,25,24,26,27,33,31,14,15,32,27,26,28,29,33,32,15,16,33,29,28,30,31,33,0,18,34,17,1,0,32,33,33,33,16,17,34,31,30,33,32,33,38,37,66,67,34,35,36,36,33,33,34,55,54,31,32,37,37,33,20,21,61,62,5,7,37,37,33,37,36,65,66,35,38,36,36,33,23,39,68,60,11,39,40,41,33,45,29,30,46,42,23,25,43,33,44,28,29,45,44,21,23,42,33,43,27,28,44,45,18,21,44,33,41,25,26,42,46,15,17,47,33,40,24,25,41,48,13,15,46,33,39,23,24,40,39,11,13,48,33,46,30,58,69,43,25,49,50,33,50,49,72,73,51,52,36,36,33,21,22,59,61,7,9,37,37,33,36,35,64,65,38,53,36,36,33,51,50,73,52,54,51,36,36,33,90,51,35,74,55,54,53,56,33,74,35,36,75,56,53,38,57,33,75,36,37,76,57,38,35,58,33,76,37,38,77,58,35,34,59,33,77,38,39,78,59,34,39,60,33,78,39,40,79,60,39,48,61,33,79,40,41,80,61,48,46,62,33,80,41,42,81,62,46,47,63,33,82,43,44,83,64,45,44,65,33,83,44,45,84,65,44,42,66,33,84,45,46,85,66,42,43,67,33,85,46,47,86,67,43,68,69,33,86,47,48,87,69,68,70,71,33,87,48,49,88,71,70,52,72,33,89,50,51,90,73,51,54,55,33,88,49,50,89,72,52,51,73,33,72,54,55,73,36,37,37,36,33,73,55,53,52,36,37,37,36,33,71,56,54,72,36,37,37,36,33,70,57,56,71,36,37,37,36,33,69,58,57,70,50,49,37,36,33,67,59,60,68,36,37,41,40,33,66,61,59,67,36,37,37,36,33,65,62,61,66,36,37,37,36,33,64,63,62,65,36,37,37,36,33,52,53,63,64,36,37,37,36,33,19,20,62,63,3,5,37,37,33,34,18,53,55,32,0,37,37,33,39,38,67,68,39,34,36,40,33,18,19,63,53,0,3,37,37,33,32,33,54,56,29,31,37,37,33,47,46,69,70,68,43,50,36,33,31,32,56,57,27,29,37,37,33,48,47,70,71,70,68,36,36,33,30,31,57,58,25,27,37,49,33,49,48,71,72,52,70,36,36,33,22,23,60,59,9,11,41,37,33,35,51,52,64,53,54,36,36,32,6,88,89,74,72,73,32,6,89,90,74,73,55,32,6,87,88,74,71,72,32,6,86,87,74,69,71,32,6,85,86,74,67,69,32,6,84,85,74,66,67,32,6,83,84,74,65,66,32,6,82,83,74,64,65,32,6,80,81,74,62,63,32,6,79,80,74,61,62,32,6,78,79,74,60,61,32,6,77,78,74,59,60,32,6,76,77,74,58,59,32,6,75,76,74,57,58,32,6,74,75,74,56,57,32,6,90,74,74,55,56,33,15,14,108,94,28,26,75,75,33,7,5,107,96,12,10,75,75,33,14,13,106,108,26,24,75,75,33,5,4,105,107,10,8,75,75,33,13,12,104,106,24,22,75,75,33,4,3,103,105,8,6,75,75,33,12,11,102,104,22,20,75,75,33,3,2,100,103,6,4,75,75,33,11,10,101,102,20,19,75,75,33,0,17,98,92,1,33,75,75,33,2,1,93,100,4,2,75,75,33,9,8,97,99,16,14,75,75,33,17,16,95,98,33,30,75,75,33,8,7,96,97,14,12,75,75,33,16,15,94,95,30,28,75,75,33,1,0,92,93,2,1,75,75,32,93,92,91,75,75,76,32,95,94,91,75,75,76,32,97,96,91,75,75,76,32,98,95,91,75,75,76,32,99,97,91,75,75,76,32,100,93,91,75,75,76,32,92,98,91,75,75,76,32,102,101,91,75,75,76,32,103,100,91,75,75,76,32,104,102,91,75,75,76,32,105,103,91,75,75,76,32,106,104,91,75,75,76,32,107,105,91,75,75,76,32,108,106,91,75,75,76,32,96,107,91,75,75,76,32,94,108,91,75,75,76],