{
    "name": "CylinderGeometry.1",
    "uvs": [],
    "metadata": {
        "type": "Geometry",
        "normals": 99,
        "generator": "io_three",
        "vertices": 128,
        "version": 3,
        "faces": 156,
        "uvs": 0
    },
    "vertices": [0,-0,-0.5,0,0.224353,-0.451065,0.097545,-0,-0.490393,0.087998,0.224353,-0.442398,0.191342,-0,-0.46194,0.172615,0.224353,-0.41673,0.277785,-0,-0.415735,0.250598,0.224353,-0.375047,0.353553,-0,-0.353554,0.318951,0.224353,-0.318951,0.415735,-0,-0.277785,0.375047,0.224353,-0.250598,0.46194,-0,-0.191342,0.41673,0.224353,-0.172615,0.490393,-0,-0.097545,0.442398,0.224353,-0.087999,0.5,-0,-0,0.451065,0.224353,-0,0.490393,0,0.097545,0.442398,0.224353,0.087998,0.46194,0,0.191341,0.41673,0.224353,0.172615,0.415735,0,0.277785,0.375047,0.224353,0.250598,0.353553,0,0.353553,0.318951,0.224353,0.318951,0.277785,0,0.415735,0.250598,0.224353,0.375046,0.191342,0,0.46194,0.172615,0.224353,0.416729,0.097545,0,0.490393,0.087998,0.224353,0.442398,-0,0,0.5,-0,0.224353,0.451065,-0.097545,0,0.490392,-0.087998,0.224353,0.442397,-0.191342,0,0.46194,-0.172615,0.224353,0.416729,-0.277785,0,0.415734,-0.250598,0.224353,0.375046,-0.353554,0,0.353553,-0.318951,0.224353,0.318951,-0.415735,0,0.277785,-0.375047,0.224353,0.250598,-0.46194,0,0.191341,-0.41673,0.224353,0.172614,-0.490393,0,0.097545,-0.442398,0.224353,0.087998,-0.5,-0,-1e-06,-0.451065,0.224353,-1e-06,-0.490392,-0,-0.097546,-0.442397,0.224353,-0.087999,-0.461939,-0,-0.191342,-0.416729,0.224353,-0.172616,-0.415734,-0,-0.277786,-0.375046,0.224353,-0.250599,-0.353553,-0,-0.353554,-0.31895,0.224353,-0.318951,-0.277784,-0,-0.415735,-0.250598,0.224353,-0.375047,-0.191341,-0,-0.46194,-0.172614,0.224353,-0.41673,-0.097544,-0,-0.490393,-0.087998,0.224353,-0.442398,0.097545,0.224353,-0.490393,0,0.224353,-0.5,0.191342,0.224353,-0.46194,0.277785,0.224353,-0.415735,0.353553,0.224353,-0.353554,0.415735,0.224353,-0.277785,0.46194,0.224353,-0.191342,0.490393,0.224353,-0.097545,0.5,0.224353,-0,0.490393,0.224353,0.097545,0.46194,0.224353,0.191341,0.415735,0.224353,0.277785,0.353553,0.224353,0.353553,0.277785,0.224353,0.415735,0.191342,0.224353,0.46194,0.097545,0.224353,0.490393,-0,0.224353,0.5,-0.097545,0.224353,0.490392,-0.191342,0.224353,0.46194,-0.277785,0.224353,0.415734,-0.353554,0.224353,0.353553,-0.415735,0.224353,0.277785,-0.46194,0.224353,0.191341,-0.490393,0.224353,0.097545,-0.5,0.224353,-1e-06,-0.490392,0.224353,-0.097546,-0.461939,0.224353,-0.191342,-0.415734,0.224353,-0.277786,-0.353553,0.224353,-0.353554,-0.277784,0.224353,-0.415735,-0.191341,0.224353,-0.46194,-0.097544,0.224353,-0.490393,0.087998,0.071775,-0.442398,0,0.071775,-0.451065,0.172615,0.071775,-0.41673,0.250598,0.071775,-0.375047,0.318951,0.071775,-0.318951,0.375047,0.071775,-0.250598,0.41673,0.071775,-0.172615,0.442398,0.071775,-0.087999,0.451065,0.071775,-0,0.442398,0.071775,0.087998,0.41673,0.071775,0.172615,0.375047,0.071775,0.250598,0.318951,0.071775,0.318951,0.250598,0.071775,0.375046,0.172615,0.071775,0.416729,0.087998,0.071775,0.442398,-0,0.071775,0.451065,-0.087998,0.071775,0.442397,-0.172615,0.071775,0.416729,-0.250598,0.071775,0.375046,-0.318951,0.071775,0.318951,-0.375047,0.071775,0.250598,-0.41673,0.071775,0.172614,-0.442398,0.071775,0.087998,-0.451065,0.071775,-1e-06,-0.442397,0.071775,-0.087999,-0.416729,0.071775,-0.172616,-0.375046,0.071775,-0.250599,-0.31895,0.071775,-0.318951,-0.250598,0.071775,-0.375047,-0.172614,0.071775,-0.41673,-0.087998,0.071775,-0.442398],
    "faces": [33,0,65,64,2,0,1,2,3,33,2,64,66,4,3,2,4,5,33,4,66,67,6,5,4,6,7,33,6,67,68,8,7,6,8,9,33,8,68,69,10,9,8,10,11,33,10,69,70,12,11,10,12,13,33,12,70,71,14,13,12,14,15,33,14,71,72,16,15,14,16,17,33,16,72,73,18,17,16,18,19,33,18,73,74,20,19,18,20,21,33,20,74,75,22,21,20,22,23,33,22,75,76,24,23,22,24,25,33,24,76,77,26,25,24,26,27,33,26,77,78,28,27,26,28,29,33,28,78,79,30,29,28,30,31,33,30,79,80,32,31,30,32,33,33,32,80,81,34,33,32,34,35,33,34,81,82,36,35,34,36,37,33,36,82,83,38,37,36,38,39,33,38,83,84,40,39,38,40,41,33,40,84,85,42,41,40,42,43,33,42,85,86,44,43,42,44,45,33,44,86,87,46,45,44,46,47,33,46,87,88,48,47,46,48,49,33,48,88,89,50,49,48,50,51,33,50,89,90,52,51,50,52,53,33,52,90,91,54,53,52,54,55,33,54,91,92,56,55,54,56,57,33,56,92,93,58,57,56,58,59,33,58,93,94,60,59,58,60,61,33,49,47,119,120,62,63,14,16,33,65,0,62,95,1,0,64,65,33,60,94,95,62,61,60,65,64,32,62,0,2,64,0,3,32,2,4,6,3,5,7,32,6,8,10,7,9,11,32,10,12,14,11,13,15,32,14,16,18,15,17,19,32,18,20,22,19,21,23,32,22,24,26,23,25,27,32,26,28,30,27,29,31,32,30,32,34,31,33,35,32,34,36,38,35,37,39,32,38,40,42,39,41,43,32,42,44,46,43,45,47,32,46,48,50,47,49,51,32,50,52,54,51,53,55,32,54,56,58,55,57,59,32,58,60,62,59,61,64,32,62,2,6,64,3,7,32,6,10,14,7,11,15,32,14,18,22,15,19,23,32,22,26,30,23,27,31,32,30,34,38,31,35,39,32,38,42,46,39,43,47,32,46,50,54,47,51,55,32,54,58,62,55,59,64,32,62,6,14,64,7,15,32,14,22,30,15,23,31,32,30,38,46,31,39,47,32,46,54,62,47,55,64,32,62,14,30,64,15,31,32,30,46,62,31,47,64,33,1,3,64,65,66,67,2,1,33,3,5,66,64,67,68,4,2,33,5,7,67,66,68,69,6,4,33,7,9,68,67,69,70,8,6,33,9,11,69,68,70,71,10,8,33,11,13,70,69,71,72,12,10,33,13,15,71,70,72,73,14,12,33,15,17,72,71,73,74,16,14,33,17,19,73,72,74,75,18,16,33,19,21,74,73,75,76,20,18,33,21,23,75,74,76,77,22,20,33,23,25,76,75,77,78,24,22,33,25,27,77,76,78,79,26,24,33,27,29,78,77,79,80,28,26,33,29,31,79,78,80,81,30,28,33,31,33,80,79,81,82,32,30,33,33,35,81,80,82,83,34,32,33,35,37,82,81,83,84,36,34,33,37,39,83,82,84,85,38,36,33,39,41,84,83,85,86,40,38,33,41,43,85,84,86,87,42,40,33,43,45,86,85,87,88,44,42,33,45,47,87,86,88,63,46,44,33,47,49,88,87,63,62,48,46,33,49,51,89,88,62,89,50,48,33,51,53,90,89,89,90,52,50,33,53,55,91,90,90,91,54,52,33,55,57,92,91,91,92,56,54,33,57,59,93,92,92,93,58,56,33,59,61,94,93,93,94,60,58,33,61,63,95,94,94,95,65,60,33,63,1,65,95,95,66,1,65,32,98,96,97,36,34,32,32,97,127,126,32,30,28,32,126,125,124,28,26,96,32,124,123,122,96,22,20,32,122,121,120,20,18,16,32,120,119,118,16,14,12,32,118,117,116,12,10,8,32,116,115,114,8,6,4,32,114,113,112,4,2,1,32,112,111,110,1,65,60,32,110,109,108,60,58,97,32,108,107,106,97,54,52,32,106,105,104,52,50,48,32,104,103,102,48,46,44,32,102,101,100,44,42,98,32,100,99,98,98,38,36,32,98,97,126,36,32,28,32,126,124,122,28,96,20,32,122,120,118,20,16,12,32,118,116,114,12,8,4,32,114,112,110,4,1,60,32,110,108,106,60,97,52,32,106,104,102,52,48,44,32,102,100,98,44,98,36,32,98,126,122,36,28,20,32,122,118,114,20,12,4,32,114,110,106,4,60,52,32,106,102,98,52,44,36,32,98,122,114,36,20,4,32,114,106,98,4,52,36,33,23,21,106,107,77,76,52,54,33,51,49,120,121,89,62,16,18,33,25,23,107,108,78,77,54,97,33,53,51,121,122,90,89,18,20,33,27,25,108,109,79,78,97,58,33,55,53,122,123,91,90,20,22,33,29,27,109,110,80,79,58,60,33,3,1,97,96,67,66,32,34,33,57,55,123,124,92,91,22,96,33,31,29,110,111,81,80,60,65,33,5,3,96,98,68,67,34,36,33,59,57,124,125,93,92,96,26,33,33,31,111,112,82,81,65,1,33,7,5,98,99,69,68,36,38,33,61,59,125,126,94,93,26,28,33,35,33,112,113,83,82,1,2,33,9,7,99,100,70,69,38,98,33,63,61,126,127,95,94,28,30,33,37,35,113,114,84,83,2,4,33,11,9,100,101,71,70,98,42,33,1,63,127,97,66,95,30,32,33,39,37,114,115,85,84,4,6,33,13,11,101,102,72,71,42,44,33,41,39,115,116,86,85,6,8,33,15,13,102,103,73,72,44,46,33,43,41,116,117,87,86,8,10,33,17,15,103,104,74,73,46,48,33,45,43,117,118,88,87,10,12,33,19,17,104,105,75,74,48,50,33,47,45,118,119,63,88,12,14,33,21,19,105,106,76,75,50,52],